{"cameraMode":{"drawMode":0,"name":"Shaded","section":"Shading Mode"},"sceneLighting":true,"audioPlay":false,"sceneViewState":{"showFog":true,"showMaterialUpdate":false,"showSkybox":true,"showFlares":true,"showImageEffects":true,"showParticleSystems":true},"in2DMode":false,"pivot":{"x":0.6078917384147644,"y":-2.9196054935455324,"z":-5.941411972045898},"rotation":{"x":0.007382025942206383,"y":0.9721835851669312,"z":-0.23205427825450898,"w":0.03092668019235134},"size":10.0,"orthographic":false}